{
  "Et": 25.1,
  "Ap": 1021.12,
  "PLt": 18.209612,
  "PLg": -51.400942,
  "PH": 254.4,
  "PHm": 272.0,
  "PS": 5.05,
  "PSr": 2,
  "PC": 268.6,
  "WAs": 5.5,
  "WAa": 147.0,
  "WTa": 158.0,
  "WTd": 69.0,
  "WTD": 52.4,
  "WTs": 9.8,
  "BS": 4.85,
  "$v": 4,
  "$s": 15,
  "$b": 5,
  "$f": "86128a5d-cae7-485b-9dd9-c2b8510a8d97",
  "$e": 2,
  "$t": "2019-02-20T23:21:44.788644Z"
}