{
  "Et": 24.8,
  "Ap": 1021.03,
  "PLt": 18.21658,
  "PLg": -51.369928,
  "PH": 248.4,
  "PHm": 265.0,
  "PS": 5.19,
  "PSr": 2,
  "PC": 263.6,
  "WAs": 7.31,
  "WAa": 145.0,
  "WTa": 160.0,
  "WTd": 65.0,
  "WTD": 48.4,
  "WTs": 12.5,
  "BS": 5.51,
  "$v": 4,
  "$s": 15,
  "$b": 5,
  "$f": "86128a5d-cae7-485b-9dd9-c2b8510a8d97",
  "$e": 2,
  "$t": "2019-02-20T23:11:42.975064Z"
}